accuracyLearning,precisionLearning,recallLearning,f1Learning,accuracyValidation,precisionValidation,recallValidation,f1Validation,accuracyTraining,precisionTraining,recallTraining,f1Training,accuracyTest,precisionTest,recallTest,f1Test,seed,bestPipeline
0.9999844544281561,0.9999844544281561,0.9999844544281561,0.9999844544281561,0.9994921832493018,0.9994921832493018,0.9994921832493018,0.9994921832493018,0.9999727953338556,0.9999727989106874,0.9999727953338556,0.9999727959948311,0.9995756141353138,0.9995756141353138,0.9995756141353138,0.9995756141353138,2.0,SA*  PassiveAggressive  True 50 True hinge True None # ExtraTreesClassifier entropy True True None 35 False 0.614826 None 0.110280 None # Stacking 
