accuracyLearning,precisionLearning,recallLearning,f1Learning,accuracyValidation,precisionValidation,recallValidation,f1Validation,accuracyTraining,precisionTraining,recallTraining,f1Training,accuracyTest,precisionTest,recallTest,f1Test,seed,bestPipeline
0.9871794871794872,0.9871794871794872,0.9871794871794872,0.9871794871794872,0.9117647058823529,0.9117647058823529,0.9117647058823529,0.9117647058823528,0.9642857142857143,0.9642857142857143,0.9642857142857143,0.9642857142857143,0.9736842105263158,0.9736842105263158,0.9736842105263158,0.9736842105263158,2.0,SA*  QuadraticDiscriminantAnalysis 0.534956 0.028622 True # GradientBoostingClassifier deviance 0.084761 0.095518 True 15 True 0.749429 None 0.451573 95655 # RandomForestClassifier gini True False balanced 10 True 0.957578 10060 0.023565 None # Stacking 
