accuracyLearning,precisionLearning,recallLearning,f1Learning,accuracyValidation,precisionValidation,recallValidation,f1Validation,accuracyTraining,precisionTraining,recallTraining,f1Training,accuracyTest,precisionTest,recallTest,f1Test,seed,bestPipeline
0.9999844544281561,0.9999844544281561,0.9999844544281561,0.9999844544281561,0.9995284558743516,0.9995284558743516,0.9995284558743516,0.9995284558743516,0.9999727953338556,0.9999727989106874,0.9999727953338556,0.9999727959948311,0.9995756141353138,0.9995756141353138,0.9995756141353138,0.9995756141353138,3.0,PolynomialFeatures 2 False True # SA*  NuSVC poly 7 0.077493 500 None # BernoulliNB 0.088889 8.333327 True # ExtraTreesClassifier entropy False False balanced_subsample 40 False 0.828501 29301 0.485765 66386 # Stacking 
